{
    "FontNameDefault": "Helvetica Regular",
    "FontNameWide": "Helvetica Medium Condensed",
    "FontNameBold": "Helvetica Black Condensed",
    "FontNameStretch": "StretchPro",
    "FontSizeDefault": 20,

    

    //margins
    "MarginRoot": "64, 40, 48, 40",
    "MarginTable": "0, 0",

    //colors
    "ForegroundDarker": "#0006C2",
    "TableColumnHeaderForeground": "#AABBBBBB",
    "PenaltyTimeGameForeground": "#BB7373",
    "PenaltyTimeStewardsForeground": "#F03232",
    "FastestLapRaceSelectedForeground": "#DC46DC",
    "FastestLapRaceStickerBackground": "#20CC00CC",
    "DriverDayRaceStickerBackground": "#2000CC00",
    "FastestLapQualSelectedForeground": "#CC25CC",
    "StandingsPointsForeground": "#c7c7c7",
    "Standings1stCountForeground": "#D2B200",
    "Standings2ndCountForeground": "#AEB6BF",
    "Standings3rdCountForeground": "#BA957B",
    "StandingsFastestLapCountForeground": "#C46AC4",
    "StandingsPoleCountForeground": "#E046E0",
    "StandingsPenaltyPointCountForeground": "#BC0505",
    "SeasonProgressPositionDefaultForeground": "#999999",
    "SeasonProgressPositionNotClassifiedForeground": "#999999",
    "SeasonProgressPositionWorstEventForeground": "#585858",
    "SeasonProgressPositionTop10Foreground": "#CCCCCC",
    "SeasonProgressPositionTop1Foregound": "#DDDD11",
    "SeasonProgressPointsForeground": "#AFAFAF",
    "SeasonProgressPointsZeroForeground": "#666666",
    "SeasonProgressPointsTopForeground": "#C2C2C2",
    "SeasonProgressPointsFastestLapForeground": "#C719C7",
    "SeasonProgressPointsPoleBackground": "#420012"
}