
{
    "BlockType": "stack",
    "Orientation": "Vertical",
    "Items": [
        {
            "Name" : "txt1",
            "BlockType" : "text",
            "Source" : "<header>",
            "VerticalAlignment" : "Center",   
            "Foreground" : "{ForegroundDefault}",
            "FontSize" : 24,
            "Background": "#1a1a1a",
            "Padding": "20,0,20,10"           
        },
        {
            "Name" : "sticker",
            "BlockType" : "stack",       
            "Padding" : "24,12,24,12",
            "Background": "<bg>", 
            "VerticalAlignment" : "Center",   
            "Spacing" : 28,
        
            "Items" :
            [
                
        
                {
                    "Name" : "txt1",
                    "BlockType" : "text",
                    "Source" : "<main>",
                    "VerticalAlignment" : "Center",   
                    "Foreground" : "{ForegoundDefault}",
                    "FontSize" : 36           
                },
        
                {
                    "Name" : "txt1",
                    "BlockType" : "text",
                    "Source" : "<data>",
                    "VerticalAlignment" : "Bottom",   
                    "Foreground" : "{ForegoundDefault}",
                    "FontSize" : 28           
                }
            ]
        }
    ]
    }