{
    "BlockType": "dock",
    "PaddingLeft": 12,
    "PaddingRight": 4,    
    "Background": "{BackgroundDefault}",
    "ColorizeBackground": {
        "Enabled": false,
        "Color": "#FFFF00",
        "BlendPercentage": 10
    },
    "Triggers": [
        {
            "Condition": "{ItemIndex, Converter=NumberEquals, Parameter=0}",
            "Property": "ColorizeBackgroundOptions.Enabled",
            "Value": true
        }
    ],
    "Items": [
        //left part
        {
            "BlockType": "stack",                    
            "HorizontalAlignment": "Left",
            "VerticalAlignment": "Center",
            "Items": [
                //logo
                {
                    "BlockType": "image",
                    "MarginLeft" : 12,
                    "Height": 48,
                    "MarginRight": 20,
                    "VerticalAlignment": "Center",
                    "ImageOptions": {
                        "Path": "{Item.Team.LogoPath}",
                        "VerticalAlignment": "Center"
                    }
                },

                //name
                {
                    "BlockType": "text",
                    "MaxWidth": 600,                    
                    "Source": "{Item.Team.Name}",
                    "HorizontalAlignment": "Left",
                    "VerticalAlignment": "Center",
                    "FontName": "{FontNameDefault}",
                    "FontSize": 42
                }               
            ]
        },

        //right part
        {
            "BlockType": "stack",           
            "MarginRight": 16,
            "HorizontalAlignment": "Right",
            "VerticalAlignment": "Center",
            "Items": [
                //color
                {                    
                    "BlockType": "shape",
                    "VerticalAlignment": "Center",
                    "Width" : 10,
                    "Height": 48,
                    "Opacity" : 45,
                    "ShapeOptions" : 
                    {
                        "Type" : "Rectangle",
                        "Fill" : "{Item.Team.Color}"
                    }                    
                }                
            ]
        }
    ]
}
