{
    "BlockRoot": {
        "Name": "mainStack",
        "BlockType": "stack",
        "Margin": "{MarginRoot}",
        "MarginRight" : 200,
        "MarginLeft": 200,
        "Orientation": "Vertical",
        "Items": [
            //header block
            {               
                "BlockType": "stack",
                "Orientation": "Vertical",
                "HorizontalAlignment": "Center",
                "Items": [
                    {
                        "BlockType": "text",
                        "Source": "STANDINGS",
                        "FontName": "{FontNameStretch}",
                        "FontSize": 60,
                        "HorizontalAlignment": "Center"
                    },
                    {
                        "BlockType": "text",
                        "Source": "AFTER ROUND {Standings.LastEvent.Position}",
                        "FontName": "{FontNameWide}",
                        "FontSize": 53,
                        "HorizontalAlignment": "Center",
                        "MarginBottom": 50
                    }
                ]              
            },
            //table
            {
                "Name": "mainTable",
                "BlockType": "table",
                "Margin" : "{MarginTable}",
                "HorizontalAlignment": "Center",
                "TableOptions": {
                    "ItemsSource": "{Standings.Teams}",
                    "RowSpacing": 4,
                    "HeaderTemplate": {
                        "BlockType": "text",
                        "MarginBottom": 8,
                        "TextOptionsExtern" : "tableColumnHeader"
                    },
                    "Columns": [
                        //team line
                        {
                            "Header": "",
                            "WidthStretch" : true,                            
                            "Template": {
                                "BlockType" : "component",
                                "ComponentName" : "team_line_cell_constr"   
                            }
                        }
                    ]
                }
            },
            {
                "BlockType": "stack",
                "Orientation": "Horizontal",
                "HorizontalAlignment": "Center",
                "Items":[
                    {
                        "BlockType": "image",
                        "Source": "{Season.LeagueInfo.LeagueLogo}",
                        "HorizontalAlignment": "Center",
                        "Height": 80,
                        "MarginTop": 30
                    }
                ]
            }
        ]
    }
}

